{
  "IcoMoonType": "selection",
  "icons": [
    {
      "icon": {
        "paths": [
          "M511.908 0c-282.721 0-511.908 229.26-511.908 512.018 0 282.721 229.187 511.982 511.908 511.982 282.868 0 512.092-229.297 512.092-511.982 0-282.758-229.224-512.018-512.092-512.018zM732.051 650.651l-81.547 81.437c0 0-129.002-138.413-138.633-138.413-9.484 0-138.523 138.413-138.523 138.413l-81.583-81.437c0 0 138.559-127.135 138.559-138.45 0-11.498-138.559-138.669-138.559-138.669l81.583-81.62c0 0 130.101 138.486 138.523 138.486 8.495 0 138.633-138.486 138.633-138.486l81.547 81.62c0 0-138.596 129.002-138.596 138.669-0 9.191 138.596 138.45 138.596 138.45z"
        ],
        "attrs": [
          {}
        ],
        "isMulticolor": false,
        "isMulticolor2": false,
        "grid": 0,
        "tags": [
          "icon"
        ]
      },
      "attrs": [
        {}
      ],
      "properties": {
        "order": 69,
        "id": 0,
        "name": "close",
        "prevSize": 32,
        "code": 59654
      },
      "setIdx": 0,
      "setId": 7,
      "iconIdx": 0
    },
    {
      "icon": {
        "paths": [
          "M796.462 472.044l-455.693-455.685c-10.54-10.548-24.609-16.359-39.611-16.359s-29.071 5.811-39.611 16.359l-33.559 33.55c-21.837 21.862-21.837 57.393 0 79.222l382.657 382.657-383.081 383.081c-10.54 10.548-16.359 24.609-16.359 39.603 0 15.010 5.819 29.071 16.359 39.628l33.559 33.542c10.548 10.548 24.609 16.359 39.611 16.359s29.071-5.811 39.611-16.359l456.118-456.101c10.565-10.581 16.367-24.709 16.334-39.728 0.033-15.077-5.769-29.196-16.334-39.769z"
        ],
        "attrs": [
          {}
        ],
        "isMulticolor": false,
        "isMulticolor2": false,
        "grid": 0,
        "tags": [
          "right-arrow"
        ]
      },
      "attrs": [
        {}
      ],
      "properties": {
        "order": 68,
        "id": 0,
        "name": "right-arrow",
        "prevSize": 32,
        "code": 59653
      },
      "setIdx": 1,
      "setId": 6,
      "iconIdx": 0
    },
    {
      "icon": {
        "paths": [
          "M512 0c-281.6 0-512 230.4-512 512s230.4 512 512 512 512-230.4 512-512-230.4-512-512-512zM768 563.2h-204.8v204.8h-102.4v-204.8h-204.8v-102.4h204.8v-204.8h102.4v204.8h204.8v102.4z"
        ],
        "attrs": [
          {}
        ],
        "isMulticolor": false,
        "isMulticolor2": false,
        "grid": 0,
        "tags": [
          "more-circle"
        ]
      },
      "attrs": [
        {}
      ],
      "properties": {
        "order": 67,
        "id": 0,
        "name": "more-circle",
        "prevSize": 32,
        "code": 59652
      },
      "setIdx": 2,
      "setId": 5,
      "iconIdx": 0
    },
    {
      "icon": {
        "paths": [
          "M512 0c-198.81 0-360.548 164.28-360.548 366.198v291.614c0 201.918 161.738 366.188 360.548 366.188 198.798 0 360.548-163.772 360.548-365.068v-292.734c0-201.918-161.75-366.198-360.548-366.198zM804.732 658.932c0 163.908-131.312 297.254-292.732 297.254-161.41 0-292.732-133.854-292.732-298.384v-291.604c0-164.53 131.322-298.384 292.732-298.384 161.422 0 292.732 133.854 292.732 298.384v292.734z",
          "M512 280.3c-18.728 0-33.908 15.18-33.908 33.908v118.676c0 18.728 15.18 33.908 33.908 33.908s33.908-15.18 33.908-33.908v-118.676c0-18.728-15.18-33.908-33.908-33.908z"
        ],
        "attrs": [
          {},
          {}
        ],
        "isMulticolor": false,
        "isMulticolor2": false,
        "grid": 0,
        "tags": [
          "mouse"
        ]
      },
      "attrs": [
        {},
        {}
      ],
      "properties": {
        "order": 65,
        "id": 0,
        "name": "mouse",
        "prevSize": 32,
        "code": 59650
      },
      "setIdx": 3,
      "setId": 4,
      "iconIdx": 0
    },
    {
      "icon": {
        "paths": [
          "M512 0c-282.749 0-512 229.251-512 512s229.251 512 512 512 512-229.251 512-512-229.251-512-512-512zM644.075 701.127l-89.234 89.234-278.361-278.361 278.361-278.361 89.234 89.234-188.918 189.127 188.918 189.127z"
        ],
        "attrs": [
          {}
        ],
        "isMulticolor": false,
        "isMulticolor2": false,
        "grid": 0,
        "tags": [
          "prev"
        ]
      },
      "attrs": [
        {}
      ],
      "properties": {
        "order": 66,
        "id": 1,
        "name": "prev",
        "prevSize": 32,
        "code": 59651
      },
      "setIdx": 4,
      "setId": 3,
      "iconIdx": 0
    },
    {
      "icon": {
        "paths": [
          "M512 0c-282.749 0-512 229.251-512 512s229.251 512 512 512 512-229.251 512-512-229.251-512-512-512zM658.286 601.234l-189.127 189.127-89.234-89.234 189.127-189.127-189.127-189.127 89.234-89.234 278.361 278.361-89.234 89.234z"
        ],
        "attrs": [
          {}
        ],
        "isMulticolor": false,
        "isMulticolor2": false,
        "grid": 0,
        "tags": [
          "right-arrow"
        ]
      },
      "attrs": [
        {}
      ],
      "properties": {
        "order": 64,
        "id": 0,
        "name": "next",
        "prevSize": 32,
        "code": 59648
      },
      "setIdx": 4,
      "setId": 3,
      "iconIdx": 1
    },
    {
      "icon": {
        "paths": [
          "M224.78 416.094c123.591 0 223.781 100.192 223.781 223.781s-100.19 223.781-223.781 223.781-223.781-100.192-223.781-223.781l-0.999-31.969c0-247.183 200.38-447.563 447.563-447.563v127.875c-85.391 0-165.672 33.254-226.053 93.635-11.623 11.625-22.23 23.993-31.799 36.984 11.427-1.798 23.137-2.743 35.070-2.743zM800.219 416.094c123.589 0 223.781 100.192 223.781 223.781s-100.192 223.781-223.781 223.781-223.781-100.192-223.781-223.781l-0.999-31.969c0-247.183 200.378-447.563 447.563-447.563v127.875c-85.389 0-165.674 33.254-226.053 93.635-11.625 11.625-22.232 23.993-31.801 36.984 11.427-1.798 23.137-2.743 35.072-2.743z"
        ],
        "attrs": [
          {}
        ],
        "isMulticolor": false,
        "isMulticolor2": false,
        "grid": 0,
        "tags": [
          "quotes"
        ]
      },
      "attrs": [
        {}
      ],
      "properties": {
        "order": 62,
        "id": 0,
        "name": "quotes",
        "prevSize": 32,
        "code": 59649
      },
      "setIdx": 5,
      "setId": 2,
      "iconIdx": 0
    }
  ],
  "height": 1024,
  "metadata": {
    "name": "icomoon"
  },
  "preferences": {
    "showGlyphs": true,
    "showQuickUse": true,
    "showQuickUse2": true,
    "showSVGs": true,
    "fontPref": {
      "prefix": "icon-",
      "metadata": {
        "fontFamily": "icomoon"
      },
      "metrics": {
        "emSize": 1024,
        "baseline": 6.25,
        "whitespace": 50
      },
      "embed": false
    },
    "imagePref": {
      "prefix": "icon-",
      "png": true,
      "useClassSelector": true,
      "color": 0,
      "bgColor": 16777215,
      "classSelector": ".icon"
    },
    "historySize": 50,
    "showCodes": true,
    "gridSize": 16
  }
}